name: Country
values:
  AD:
    text:
      en: Andorra
      nl: Andorra
  AE:
    text:
      en: United Arab Emirates
      nl: Verenigde Arabische Emiraten
  AF:
    text:
      en: Afghanistan
      nl: Afghanistan
  AG:
    text:
      en: Antigua and Barbuda
      nl: Antigua en Barbuda
  AI:
    text:
      en: Anguilla
      nl: Anguilla
  AL:
    text:
      en: Albania
      nl: Albanië
  AM:
    text:
      en: Armenia
      nl: Armenië
  AO:
    text:
      en: Angola
      nl: Angola
  AQ:
    text:
      en: Antarctica
      nl: Antarctica
  AR:
    text:
      en: Argentina
      nl: Argentinië
  AS:
    text:
      en: American Samoa
      nl: Amerikaans-Samoa
  AT:
    text:
      en: Austria
      nl: Oostenrijk
  AU:
    text:
      en: Australia
      nl: Australië
  AW:
    text:
      en: Aruba
      nl: Aruba
  AX:
    text:
      en: Åland Islands
      nl: Åland
  AZ:
    text:
      en: Azerbaijan
      nl: Azerbeidzjan
  BA:
    text:
      en: Bosnia and Herzegovina
      nl: Bosnië en Herzegovina
  BB:
    text:
      en: Barbados
      nl: Barbados
  BD:
    text:
      en: Bangladesh
      nl: Bangladesh
  BE:
    text:
      en: Belgium
      nl: België
  BF:
    text:
      en: Burkina Faso
      nl: Burkina Faso
  BG:
    text:
      en: Bulgaria
      nl: Bulgarije
  BH:
    text:
      en: Bahrain
      nl: Bahrein
  BI:
    text:
      en: Burundi
      nl: Burundi
  BJ:
    text:
      en: Benin
      nl: Benin
  BL:
    text:
      en: Saint Barthélemy
      nl: Saint-Barthélemy
  BM:
    text:
      en: Bermuda
      nl: Bermuda
  BN:
    text:
      en: Brunei Darussalam
      nl: Brunei
  BO:
    text:
      en: Bolivia, Plurinational State of
      nl: Bolivia
  BQ:
    text:
      en: Bonaire, Sint Eustatius and Saba
      nl: Caribisch Nederland
  BR:
    text:
      en: Brazil
      nl: Brazilië
  BS:
    text:
      en: Bahamas
      nl: Bahama’s
  BT:
    text:
      en: Bhutan
      nl: Bhutan
  BV:
    text:
      en: Bouvet Island
      nl: Bouveteiland
  BW:
    text:
      en: Botswana
      nl: Botswana
  BY:
    text:
      en: Belarus
      nl: Belarus
  BZ:
    text:
      en: Belize
      nl: Belize
  CA:
    text:
      en: Canada
      nl: Canada
  CC:
    text:
      en: Cocos (Keeling) Islands
      nl: Cocoseilanden
  CD:
    text:
      en: Congo, The Democratic Republic of the
      nl: Congo-Kinshasa
  CF:
    text:
      en: Central African Republic
      nl: Centraal-Afrikaanse Republiek
  CG:
    text:
      en: Congo
      nl: Congo-Brazzaville
  CH:
    text:
      en: Switzerland
      nl: Zwitserland
  CI:
    text:
      en: Côte d'Ivoire
      nl: Ivoorkust
  CK:
    text:
      en: Cook Islands
      nl: Cookeilanden
  CL:
    text:
      en: Chile
      nl: Chili
  CM:
    text:
      en: Cameroon
      nl: Kameroen
  CN:
    text:
      en: China
      nl: China
  CO:
    text:
      en: Colombia
      nl: Colombia
  CR:
    text:
      en: Costa Rica
      nl: Costa Rica
  CU:
    text:
      en: Cuba
      nl: Cuba
  CV:
    text:
      en: Cabo Verde
      nl: Kaapverdië
  CW:
    text:
      en: Curaçao
      nl: Curaçao
  CX:
    text:
      en: Christmas Island
      nl: Christmaseiland
  CY:
    text:
      en: Cyprus
      nl: Cyprus
  CZ:
    text:
      en: Czechia
      nl: Tsjechië
  DE:
    text:
      en: Germany
      nl: Duitsland
  DJ:
    text:
      en: Djibouti
      nl: Djibouti
  DK:
    text:
      en: Denmark
      nl: Denemarken
  DM:
    text:
      en: Dominica
      nl: Dominica
  DO:
    text:
      en: Dominican Republic
      nl: Dominicaanse Republiek
  DZ:
    text:
      en: Algeria
      nl: Algerije
  EC:
    text:
      en: Ecuador
      nl: Ecuador
  EE:
    text:
      en: Estonia
      nl: Estland
  EG:
    text:
      en: Egypt
      nl: Egypte
  EH:
    text:
      en: Western Sahara
      nl: Westelijke Sahara
  ER:
    text:
      en: Eritrea
      nl: Eritrea
  ES:
    text:
      en: Spain
      nl: Spanje
  ET:
    text:
      en: Ethiopia
      nl: Ethiopië
  FI:
    text:
      en: Finland
      nl: Finland
  FJ:
    text:
      en: Fiji
      nl: Fiji
  FK:
    text:
      en: Falkland Islands (Malvinas)
      nl: Falklandeilanden
  FM:
    text:
      en: Micronesia, Federated States of
      nl: Micronesia
  FO:
    text:
      en: Faroe Islands
      nl: Faeröer
  FR:
    text:
      en: France
      nl: Frankrijk
  GA:
    text:
      en: Gabon
      nl: Gabon
  GB:
    text:
      en: United Kingdom
      nl: Verenigd Koninkrijk
  GD:
    text:
      en: Grenada
      nl: Grenada
  GE:
    text:
      en: Georgia
      nl: Georgië
  GF:
    text:
      en: French Guiana
      nl: Frans-Guyana
  GG:
    text:
      en: Guernsey
      nl: Guernsey
  GH:
    text:
      en: Ghana
      nl: Ghana
  GI:
    text:
      en: Gibraltar
      nl: Gibraltar
  GL:
    text:
      en: Greenland
      nl: Groenland
  GM:
    text:
      en: Gambia
      nl: Gambia
  GN:
    text:
      en: Guinea
      nl: Guinee
  GP:
    text:
      en: Guadeloupe
      nl: Guadeloupe
  GQ:
    text:
      en: Equatorial Guinea
      nl: Equatoriaal-Guinea
  GR:
    text:
      en: Greece
      nl: Griekenland
  GS:
    text:
      en: South Georgia and the South Sandwich Islands
      nl: Zuid-Georgia en Zuidelijke Sandwicheilanden
  GT:
    text:
      en: Guatemala
      nl: Guatemala
  GU:
    text:
      en: Guam
      nl: Guam
  GW:
    text:
      en: Guinea-Bissau
      nl: Guinee-Bissau
  GY:
    text:
      en: Guyana
      nl: Guyana
  HK:
    text:
      en: Hong Kong
      nl: Hongkong SAR van China
  HM:
    text:
      en: Heard Island and McDonald Islands
      nl: Heard en McDonaldeilanden
  HN:
    text:
      en: Honduras
      nl: Honduras
  HR:
    text:
      en: Croatia
      nl: Kroatië
  HT:
    text:
      en: Haiti
      nl: Haïti
  HU:
    text:
      en: Hungary
      nl: Hongarije
  ID:
    text:
      en: Indonesia
      nl: Indonesië
  IE:
    text:
      en: Ireland
      nl: Ierland
  IL:
    text:
      en: Israel
      nl: Israël
  IM:
    text:
      en: Isle of Man
      nl: Isle of Man
  IN:
    text:
      en: India
      nl: India
  IO:
    text:
      en: British Indian Ocean Territory
      nl: Brits Indische Oceaanterritorium
  IQ:
    text:
      en: Iraq
      nl: Irak
  IR:
    text:
      en: Iran
      nl: Iran
  IS:
    text:
      en: Iceland
      nl: IJsland
  IT:
    text:
      en: Italy
      nl: Italië
  JE:
    text:
      en: Jersey
      nl: Jersey
  JM:
    text:
      en: Jamaica
      nl: Jamaica
  JO:
    text:
      en: Jordan
      nl: Jordanië
  JP:
    text:
      en: Japan
      nl: Japan
  KE:
    text:
      en: Kenya
      nl: Kenia
  KG:
    text:
      en: Kyrgyzstan
      nl: Kirgizië
  KH:
    text:
      en: Cambodia
      nl: Cambodja
  KI:
    text:
      en: Kiribati
      nl: Kiribati
  KM:
    text:
      en: Comoros
      nl: Comoren
  KN:
    text:
      en: Saint Kitts and Nevis
      nl: Saint Kitts en Nevis
  KP:
    text:
      en: Korea, Democratic People's Republic of
      nl: Noord-Korea
  KR:
    text:
      en: Korea, Republic of
      nl: Zuid-Korea
  KW:
    text:
      en: Kuwait
      nl: Koeweit
  KY:
    text:
      en: Cayman Islands
      nl: Kaaimaneilanden
  KZ:
    text:
      en: Kazakhstan
      nl: Kazachstan
  LA:
    text:
      en: Lao People's Democratic Republic
      nl: Laos
  LB:
    text:
      en: Lebanon
      nl: Libanon
  LC:
    text:
      en: Saint Lucia
      nl: Saint Lucia
  LI:
    text:
      en: Liechtenstein
      nl: Liechtenstein
  LK:
    text:
      en: Sri Lanka
      nl: Sri Lanka
  LR:
    text:
      en: Liberia
      nl: Liberia
  LS:
    text:
      en: Lesotho
      nl: Lesotho
  LT:
    text:
      en: Lithuania
      nl: Litouwen
  LU:
    text:
      en: Luxembourg
      nl: Luxemburg
  LV:
    text:
      en: Latvia
      nl: Letland
  LY:
    text:
      en: Libya
      nl: Libië
  MA:
    text:
      en: Morocco
      nl: Marokko
  MC:
    text:
      en: Monaco
      nl: Monaco
  MD:
    text:
      en: Moldova, Republic of
      nl: Moldavië
  ME:
    text:
      en: Montenegro
      nl: Montenegro
  MF:
    text:
      en: Saint Martin (French part)
      nl: Saint-Martin
  MG:
    text:
      en: Madagascar
      nl: Madagaskar
  MH:
    text:
      en: Marshall Islands
      nl: Marshalleilanden
  MK:
    text:
      en: North Macedonia
      nl: Noord-Macedonië
  ML:
    text:
      en: Mali
      nl: Mali
  MM:
    text:
      en: Myanmar
      nl: Myanmar (Birma)
  MN:
    text:
      en: Mongolia
      nl: Mongolië
  MO:
    text:
      en: Macao
      nl: Macau SAR van China
  MP:
    text:
      en: Northern Mariana Islands
      nl: Noordelijke Marianen
  MQ:
    text:
      en: Martinique
      nl: Martinique
  MR:
    text:
      en: Mauritania
      nl: Mauritanië
  MS:
    text:
      en: Montserrat
      nl: Montserrat
  MT:
    text:
      en: Malta
      nl: Malta
  MU:
    text:
      en: Mauritius
      nl: Mauritius
  MV:
    text:
      en: Maldives
      nl: Maldiven
  MW:
    text:
      en: Malawi
      nl: Malawi
  MX:
    text:
      en: Mexico
      nl: Mexico
  MY:
    text:
      en: Malaysia
      nl: Maleisië
  MZ:
    text:
      en: Mozambique
      nl: Mozambique
  NA:
    text:
      en: Namibia
      nl: Namibië
  NC:
    text:
      en: New Caledonia
      nl: Nieuw-Caledonië
  NE:
    text:
      en: Niger
      nl: Niger
  NF:
    text:
      en: Norfolk Island
      nl: Norfolk
  NG:
    text:
      en: Nigeria
      nl: Nigeria
  NI:
    text:
      en: Nicaragua
      nl: Nicaragua
  NL:
    text:
      en: Netherlands
      nl: Nederland
  NO:
    text:
      en: Norway
      nl: Noorwegen
  NP:
    text:
      en: Nepal
      nl: Nepal
  NR:
    text:
      en: Nauru
      nl: Nauru
  NU:
    text:
      en: Niue
      nl: Niue
  NZ:
    text:
      en: New Zealand
      nl: Nieuw-Zeeland
  OM:
    text:
      en: Oman
      nl: Oman
  PA:
    text:
      en: Panama
      nl: Panama
  PE:
    text:
      en: Peru
      nl: Peru
  PF:
    text:
      en: French Polynesia
      nl: Frans-Polynesië
  PG:
    text:
      en: Papua New Guinea
      nl: Papoea-Nieuw-Guinea
  PH:
    text:
      en: Philippines
      nl: Filipijnen
  PK:
    text:
      en: Pakistan
      nl: Pakistan
  PL:
    text:
      en: Poland
      nl: Polen
  PM:
    text:
      en: Saint Pierre and Miquelon
      nl: Saint-Pierre en Miquelon
  PN:
    text:
      en: Pitcairn
      nl: Pitcairneilanden
  PR:
    text:
      en: Puerto Rico
      nl: Puerto Rico
  PS:
    text:
      en: Palestine, State of
      nl: Palestijnse gebieden
  PT:
    text:
      en: Portugal
      nl: Portugal
  PW:
    text:
      en: Palau
      nl: Palau
  PY:
    text:
      en: Paraguay
      nl: Paraguay
  QA:
    text:
      en: Qatar
      nl: Qatar
  RE:
    text:
      en: Réunion
      nl: Réunion
  RO:
    text:
      en: Romania
      nl: Roemenië
  RS:
    text:
      en: Serbia
      nl: Servië
  RU:
    text:
      en: Russian Federation
      nl: Rusland
  RW:
    text:
      en: Rwanda
      nl: Rwanda
  SA:
    text:
      en: Saudi Arabia
      nl: Saoedi-Arabië
  SB:
    text:
      en: Solomon Islands
      nl: Salomonseilanden
  SC:
    text:
      en: Seychelles
      nl: Seychellen
  SD:
    text:
      en: Sudan
      nl: Soedan
  SE:
    text:
      en: Sweden
      nl: Zweden
  SG:
    text:
      en: Singapore
      nl: Singapore
  SH:
    text:
      en: Saint Helena, Ascension and Tristan da Cunha
      nl: Sint-Helena
  SI:
    text:
      en: Slovenia
      nl: Slovenië
  SJ:
    text:
      en: Svalbard and Jan Mayen
      nl: Spitsbergen en Jan Mayen
  SK:
    text:
      en: Slovakia
      nl: Slowakije
  SL:
    text:
      en: Sierra Leone
      nl: Sierra Leone
  SM:
    text:
      en: San Marino
      nl: San Marino
  SN:
    text:
      en: Senegal
      nl: Senegal
  SO:
    text:
      en: Somalia
      nl: Somalië
  SR:
    text:
      en: Suriname
      nl: Suriname
  SS:
    text:
      en: South Sudan
      nl: Zuid-Soedan
  ST:
    text:
      en: Sao Tome and Principe
      nl: Sao Tomé en Principe
  SV:
    text:
      en: El Salvador
      nl: El Salvador
  SX:
    text:
      en: Sint Maarten (Dutch part)
      nl: Sint-Maarten
  SY:
    text:
      en: Syrian Arab Republic
      nl: Syrië
  SZ:
    text:
      en: Eswatini
      nl: Eswatini
  TC:
    text:
      en: Turks and Caicos Islands
      nl: Turks- en Caicoseilanden
  TD:
    text:
      en: Chad
      nl: Tsjaad
  TF:
    text:
      en: French Southern Territories
      nl: Franse Gebieden in de zuidelijke Indische Oceaan
  TG:
    text:
      en: Togo
      nl: Togo
  TH:
    text:
      en: Thailand
      nl: Thailand
  TJ:
    text:
      en: Tajikistan
      nl: Tadzjikistan
  TK:
    text:
      en: Tokelau
      nl: Tokelau
  TL:
    text:
      en: Timor-Leste
      nl: Oost-Timor
  TM:
    text:
      en: Turkmenistan
      nl: Turkmenistan
  TN:
    text:
      en: Tunisia
      nl: Tunesië
  TO:
    text:
      en: Tonga
      nl: Tonga
  TR:
    text:
      en: Turkey
      nl: Turkije
  TT:
    text:
      en: Trinidad and Tobago
      nl: Trinidad en Tobago
  TV:
    text:
      en: Tuvalu
      nl: Tuvalu
  TW:
    text:
      en: Taiwan, Province of China
      nl: Taiwan
  TZ:
    text:
      en: Tanzania, United Republic of
      nl: Tanzania
  UA:
    text:
      en: Ukraine
      nl: Oekraïne
  UG:
    text:
      en: Uganda
      nl: Oeganda
  UM:
    text:
      en: United States Minor Outlying Islands
      nl: Kleine afgelegen eilanden van de Verenigde Staten
  US:
    text:
      en: United States
      nl: Verenigde Staten
  UY:
    text:
      en: Uruguay
      nl: Uruguay
  UZ:
    text:
      en: Uzbekistan
      nl: Oezbekistan
  VA:
    text:
      en: Holy See (Vatican City State)
      nl: Vaticaanstad
  VC:
    text:
      en: Saint Vincent and the Grenadines
      nl: Saint Vincent en de Grenadines
  VE:
    text:
      en: Venezuela, Bolivarian Republic of
      nl: Venezuela
  VG:
    text:
      en: Virgin Islands, British
      nl: Britse Maagdeneilanden
  VI:
    text:
      en: Virgin Islands, U.S.
      nl: Amerikaanse Maagdeneilanden
  VN:
    text:
      en: Viet Nam
      nl: Vietnam
  VU:
    text:
      en: Vanuatu
      nl: Vanuatu
  WF:
    text:
      en: Wallis and Futuna
      nl: Wallis en Futuna
  WS:
    text:
      en: Samoa
      nl: Samoa
  YE:
    text:
      en: Yemen
      nl: Jemen
  YT:
    text:
      en: Mayotte
      nl: Mayotte
  ZA:
    text:
      en: South Africa
      nl: Zuid-Afrika
  ZM:
    text:
      en: Zambia
      nl: Zambia
  ZW:
    text:
      en: Zimbabwe
      nl: Zimbabwe